{"subjtct_type":"遗址文化", "predicate": "相关文物", "object_type": "文物藏品"}
{"subjtct_type":"遗址文化/单位机构", "predicate": "所在地", "object_type": "地点"}
{"subjtct_type":"遗址文化/文物藏品/人物", "predicate": "所属时代", "object_type": "历史时代"}
{"subjtct_type":"文物藏品", "predicate": "文物尺寸", "object_type": "尺寸"}
{"subjtct_type":"遗址文化/单位机构", "predicate": "面积大小", "object_type": "面积"}
{"subjtct_type":"遗址文化/文物藏品", "predicate": "发现时间", "object_type": "时间"}
{"subjtct_type":"文物藏品", "predicate": "保存于", "object_type": "单位机构"}
{"subjtct_type":"遗址文化", "predicate": "建设时间", "object_type": "时间"}
{"subjtct_type":"遗址文化", "predicate": "文保级别", "object_type": "保护级别"}
{"subjtct_type":"遗址文化", "predicate": "相关建筑", "object_type": "建筑"}
{"subjtct_type":"遗址文化/文物藏品/人物", "predicate": "相关人物", "object_type": "人物"}
{"subjtct_type":"遗址文化", "predicate": "相关单位", "object_type": "单位机构"}
{"subjtct_type":"单位机构", "predicate": "馆藏物品", "object_type": "文物藏品"}
{"subjtct_type":"遗址文化", "predicate": "文化类型", "object_type": "文化"}
{"subjtct_type":"单位机构", "predicate": "成立时间", "object_type": "时间"}
{"subjtct_type":"遗址文化", "predicate": "文化组成", "object_type": "遗址文化"}
{"subjtct_type":"遗址文化/文物藏品", "predicate": "相关文献", "object_type": "书籍文献"}
